{"cameraMode":{"drawMode":0,"name":"Shaded","section":"Shading Mode"},"sceneLighting":false,"audioPlay":false,"sceneViewState":{"showFog":true,"showMaterialUpdate":true,"showSkybox":false,"showFlares":true,"showImageEffects":true,"showParticleSystems":true},"in2DMode":false,"pivot":{"x":23.561748504638673,"y":0.0,"z":17.734371185302736},"rotation":{"x":0.3845951557159424,"y":0.0166289322078228,"z":-0.006877232808619738,"w":0.9229753613471985},"size":2.1219096183776857,"orthographic":false}