{"cameraMode":{"drawMode":0,"name":"Shaded","section":"Shading Mode"},"sceneLighting":true,"audioPlay":false,"sceneViewState":{"showFog":true,"showMaterialUpdate":true,"showSkybox":true,"showFlares":true,"showImageEffects":true,"showParticleSystems":true},"in2DMode":false,"pivot":{"x":140.5975341796875,"y":-5.8996124267578129,"z":89.23574829101563},"rotation":{"x":0.3080672025680542,"y":0.22651691734790803,"z":-0.07584536820650101,"w":0.9210013151168823},"size":12.284372329711914,"orthographic":false}